fine_id,fine_amount,payment_term,status
1,408.55,2015-11-07,payed
2,3097.72,2009-01-25,payed
3,1293.46,2013-05-03,not payed
4,577.4,2000-09-20,payed
5,1143.32,2012-03-01,not payed
6,384.06,2016-03-06,payed
7,3399.63,2014-02-20,not payed
8,1762.28,2004-04-03,payed
9,894.19,2020-09-18,payed
10,975.78,2023-11-23,payed
11,533.56,2000-08-28,not payed
12,2701.19,2014-05-22,not payed
13,1677.59,2002-08-18,payed
14,1116.36,2009-03-22,not payed
15,226.36,2002-08-14,payed
16,1112.37,2022-11-04,payed
17,1210.67,2009-08-29,not payed
18,2967.87,2005-05-15,payed
19,1286.87,2007-05-02,not payed
20,2358.48,2021-09-27,not payed
21,652.85,2019-10-14,payed
22,2617.58,2021-04-24,not payed
23,2749.46,2003-06-29,payed
24,496.93,2010-09-04,not payed
25,2190.59,2016-05-11,payed
26,516.73,2003-07-14,not payed
27,502.37,2020-06-16,not payed
28,739.45,2005-08-25,not payed
29,537.51,2022-10-31,payed
30,3360.58,2012-10-10,not payed
31,548.23,2015-07-11,not payed
32,715.64,2017-09-28,payed
33,3052.28,2008-02-05,not payed
34,2523.4,2023-05-14,payed
35,1393.57,2015-03-23,not payed
36,2602.21,2001-08-11,payed
37,1346.31,2002-03-31,not payed
38,2533.43,2010-05-04,not payed
39,734.42,2014-01-21,payed
40,1353.65,2009-06-27,payed
41,2228.29,2002-10-11,payed
42,1359.44,2010-09-29,payed
43,3115.08,2001-07-10,not payed
44,246.66,2009-10-01,payed
45,3396.34,2001-05-05,payed
46,230.84,2007-01-14,payed
47,1181.76,2021-11-25,not payed
48,1854.19,2013-02-28,not payed
49,703.61,2016-07-08,payed
50,2740.12,2020-08-30,not payed
51,661.12,2019-04-10,payed
52,3099.01,2006-02-02,payed
53,1046.66,2015-06-19,not payed
54,3239.6,2007-05-16,not payed
55,3144.38,2010-06-27,payed
56,3392.6,2012-04-18,not payed
57,751.6,2013-01-24,payed
58,893.39,2001-04-09,payed
59,2368.91,2006-04-13,not payed
60,3243.09,2000-03-04,not payed
61,347.6,2003-07-25,payed
62,2469.26,2019-07-22,payed
63,1957.3,2013-09-07,payed
64,2054.16,2006-05-24,not payed
65,3149.41,2013-02-22,not payed
66,804.87,2022-08-13,payed
67,2216.71,2015-09-20,payed
68,498.43,2008-06-23,payed
69,494.08,2002-07-30,payed
70,492.73,2014-02-12,not payed
71,3282.07,2016-12-04,not payed
72,2574.85,2003-08-22,payed
73,2266.35,2015-11-03,not payed
74,2135.4,2002-02-26,payed
75,2291.42,2016-03-03,payed
76,374.37,2021-06-18,not payed
77,866.06,2012-01-18,not payed
78,2687.2,2015-11-24,not payed
79,3151.74,2019-12-08,payed
80,2259.3,2009-06-24,payed
81,2263.42,2002-12-25,payed
82,1241.95,2003-06-23,payed
83,565.48,2000-11-14,payed
84,3292.37,2010-12-17,not payed
85,3190.02,2017-05-05,not payed
86,3194.8,2010-08-13,payed
87,1145.91,2020-09-12,payed
88,3260.66,2000-09-02,not payed
89,831.69,2018-06-28,not payed
90,254.14,2005-08-12,not payed
91,1771.54,2014-02-05,payed
92,1452.16,2023-05-31,not payed
93,2007.05,2011-03-10,payed
94,1577.17,2007-04-02,payed
95,3152.31,2005-09-29,payed
96,2695.28,2005-09-05,payed
97,3089.39,2014-01-02,not payed
98,1285.06,2007-07-25,payed
99,1539.25,2022-02-15,payed
100,464.61,2015-05-19,payed
101,2259.45,2008-05-17,payed
102,2213.61,2019-02-10,not payed
103,1288.53,2018-03-16,payed
104,941.3,2006-03-19,payed
105,2268.46,2016-06-25,payed
106,2128.17,2023-11-28,not payed
107,748.78,2000-12-26,not payed
108,1023.65,2020-07-29,payed
109,1293.93,2019-03-30,not payed
110,845.68,2023-03-30,not payed
111,664.41,2000-05-16,not payed
112,2721.21,2016-10-06,payed
113,1594.5,2002-08-25,payed
114,1285.18,2000-09-28,not payed
115,1241.75,2006-10-20,not payed
116,2598.84,2007-01-28,payed
117,1534.4,2007-08-01,payed
118,382.27,2017-12-22,payed
119,2948.18,2012-12-19,not payed
120,378.6,2020-01-19,not payed
121,1690.98,2015-08-10,payed
122,2708.83,2023-01-10,not payed
123,2332.19,2015-11-11,payed
124,1237.48,2012-12-06,not payed
125,347.82,2003-12-15,payed
126,1434.31,2006-10-29,not payed
127,1936.92,2016-02-05,not payed
128,2051.58,2008-05-09,not payed
129,1534.72,2023-04-09,not payed
130,3028.1,2016-09-01,not payed
131,1183.67,2004-12-03,payed
132,167.97,2003-04-02,not payed
133,3058.22,2002-12-25,payed
134,709.47,2009-07-29,not payed
135,2713.0,2013-10-01,not payed
136,2891.94,2017-11-12,not payed
137,1593.21,2010-12-11,not payed
138,1393.87,2005-09-06,payed
139,1086.16,2014-11-12,payed
140,3322.64,2023-09-10,payed
141,1191.16,2013-02-15,payed
142,3275.07,2007-03-07,payed
143,2628.94,2002-09-18,not payed
144,2950.33,2016-04-29,payed
145,831.4,2022-06-11,payed
146,1411.77,2014-04-11,not payed
147,2635.8,2023-04-15,payed
148,1453.06,2005-10-31,not payed
149,2168.13,2020-09-19,not payed
150,2766.56,2004-03-14,payed
151,2510.02,2023-01-22,not payed
152,1247.36,2004-01-31,not payed
153,2687.71,2002-12-22,payed
154,739.87,2009-07-21,payed
155,2138.37,2018-04-08,not payed
156,3217.56,2006-10-03,not payed
157,2207.83,2022-07-29,not payed
158,2178.92,2014-02-09,not payed
159,1911.04,2021-03-23,not payed
160,538.42,2022-01-22,payed
161,341.57,2014-08-01,not payed
162,2156.61,2011-08-07,not payed
163,3382.18,2008-11-26,payed
164,2528.94,2018-11-13,not payed
165,1246.2,2023-02-03,not payed
166,2171.42,2015-08-22,payed
167,1432.53,2013-03-19,not payed
168,2423.3,2004-10-03,payed
169,1003.94,2004-05-07,not payed
170,2464.8,2005-05-02,not payed
171,3383.42,2017-02-16,not payed
172,709.95,2017-01-17,not payed
173,2611.39,2019-08-21,payed
174,2908.01,2010-10-22,payed
175,1584.81,2008-04-15,not payed
176,565.25,2021-07-02,payed
177,1546.8,2009-07-08,payed
178,1410.32,2022-09-11,not payed
179,3165.39,2004-06-25,payed
180,2810.2,2015-03-02,not payed
181,2477.74,2016-02-25,not payed
182,185.48,2022-07-18,not payed
183,2815.39,2019-12-20,payed
184,2639.62,2014-07-28,payed
185,2509.61,2000-08-23,payed
186,3121.87,2016-05-19,payed
187,1046.43,2016-04-08,payed
188,612.77,2001-06-19,not payed
189,3283.68,2015-05-05,payed
190,156.16,2019-11-14,payed
191,2089.41,2011-02-28,payed
192,3218.49,2011-05-19,payed
193,2487.12,2016-03-26,payed
194,1509.86,2005-07-30,payed
195,2852.46,2004-07-29,payed
196,2046.36,2021-01-23,payed
197,2473.83,2006-11-22,payed
198,1487.7,2017-02-17,payed
199,2105.05,2020-02-10,payed
200,2287.04,2010-08-18,payed
201,2112.93,2022-11-18,payed
202,1288.34,2009-05-12,not payed
203,1041.11,2020-11-17,payed
204,2569.3,2009-12-14,not payed
205,964.8,2022-10-27,not payed
206,1940.11,2000-09-12,payed
207,898.22,2021-06-25,payed
208,3095.25,2022-04-15,not payed
209,2745.65,2000-08-14,payed
210,3220.4,2002-10-13,not payed
211,1554.66,2022-10-18,not payed
212,2013.0,2013-01-02,not payed
213,3077.96,2002-05-16,payed
214,858.92,2002-04-21,payed
215,2020.77,2003-01-25,payed
216,1267.56,2002-11-02,payed
217,1637.97,2014-05-09,payed
218,1063.48,2009-12-21,not payed
219,3047.24,2007-01-11,not payed
220,1431.39,2010-07-06,payed
221,1773.09,2006-11-29,payed
222,1012.02,2017-03-27,not payed
223,2523.97,2017-11-01,payed
224,1491.28,2020-04-18,not payed
225,1899.29,2007-09-21,payed
226,1616.48,2007-03-29,payed
227,2206.0,2013-05-22,not payed
228,1259.58,2003-12-28,payed
229,2206.53,2022-01-24,payed
230,1246.15,2004-02-06,payed
231,194.1,2011-05-25,payed
232,315.1,2014-09-03,not payed
233,184.6,2005-02-10,payed
234,2084.97,2009-09-18,not payed
235,3331.05,2001-01-22,not payed
236,1754.58,2007-02-18,not payed
237,3271.0,2007-06-08,payed
238,1630.32,2008-05-10,not payed
239,711.26,2010-07-10,payed
240,3202.28,2010-07-26,payed
241,882.03,2007-08-25,not payed
242,3013.99,2017-12-21,payed
243,3186.21,2013-10-12,not payed
244,2499.12,2008-09-04,payed
245,1971.61,2008-01-05,not payed
246,3070.77,2005-05-29,not payed
247,2483.3,2006-07-06,not payed
248,1091.17,2002-09-27,not payed
249,2112.01,2013-11-04,not payed
250,3161.11,2005-09-08,payed
251,1647.19,2012-11-20,not payed
252,3349.92,2019-01-29,payed
253,1501.95,2004-10-24,payed
254,1886.53,2008-10-05,not payed
255,245.26,2011-08-04,not payed
256,1749.89,2020-05-25,not payed
257,2584.53,2006-03-06,payed
258,465.42,2003-06-30,payed
259,860.52,2006-08-11,payed
260,1650.23,2020-12-24,not payed
261,3113.76,2017-08-29,payed
262,2735.82,2010-03-03,payed
263,2195.67,2007-02-28,not payed
264,1862.28,2013-01-25,payed
265,340.61,2005-01-01,not payed
266,1982.87,2012-03-30,payed
267,835.37,2007-09-23,payed
268,3171.03,2000-04-11,not payed
269,2348.85,2007-01-04,payed
270,1626.22,2016-06-09,payed
271,1029.72,2000-09-18,not payed
272,2645.21,2015-12-14,payed
273,328.07,2010-05-15,not payed
274,204.99,2020-08-26,payed
275,2848.73,2017-01-03,payed
276,929.81,2007-01-19,payed
277,892.3,2015-09-16,payed
278,2252.75,2008-08-25,not payed
279,1170.12,2016-02-08,payed
280,1898.92,2017-01-14,payed
281,1447.07,2021-05-14,not payed
282,2105.56,2000-11-22,not payed
283,2157.25,2001-01-24,payed
284,3281.95,2004-11-10,not payed
285,2379.11,2018-04-24,not payed
286,991.36,2018-12-10,not payed
287,2514.93,2003-10-03,payed
288,2035.7,2022-01-26,payed
289,2556.93,2011-08-24,not payed
290,375.43,2009-07-10,not payed
291,1752.89,2023-06-28,not payed
292,1888.26,2019-10-24,not payed
293,1774.47,2005-06-22,payed
294,1362.41,2012-07-13,payed
295,1762.04,2018-05-17,not payed
296,272.45,2008-11-15,payed
297,2577.46,2008-12-26,payed
298,2013.59,2014-06-19,not payed
299,2904.91,2013-08-21,not payed
300,229.24,2020-05-31,payed
301,3034.39,2020-08-31,payed
302,1384.87,2022-11-29,payed
303,2907.93,2009-02-07,not payed
304,1397.65,2013-06-05,not payed
305,2786.71,2007-09-22,payed
306,2072.19,2001-12-03,not payed
307,2597.34,2010-05-23,not payed
308,1716.09,2003-01-21,not payed
309,433.25,2019-09-28,not payed
310,1582.89,2000-09-29,not payed
311,851.91,2012-01-01,not payed
312,2076.16,2005-06-26,not payed
313,1039.3,2003-07-27,not payed
314,264.44,2023-11-24,payed
315,311.61,2011-10-21,payed
316,2427.32,2013-08-10,payed
317,3061.76,2023-05-15,payed
318,1498.98,2023-01-08,payed
319,3018.68,2000-04-16,payed
320,637.69,2018-06-17,not payed
321,3001.96,2013-10-16,not payed
322,961.59,2008-10-03,not payed
323,1393.44,2009-06-10,payed
324,2142.54,2014-07-04,not payed
325,2252.22,2006-09-21,payed
326,2015.89,2002-08-20,not payed
327,1644.64,2002-04-29,payed
328,2954.47,2015-08-25,not payed
329,2756.5,2015-07-04,not payed
330,2048.62,2012-05-09,payed
331,760.78,2022-04-10,not payed
332,1893.0,2008-04-13,payed
333,2112.2,2021-01-07,payed
334,253.85,2006-10-27,not payed
335,905.42,2003-05-23,not payed
336,2962.23,2010-04-18,payed
337,3318.62,2011-11-30,payed
338,501.32,2013-01-24,payed
339,283.65,2002-05-03,payed
340,3030.74,2021-03-18,not payed
341,2714.72,2005-09-15,not payed
342,3024.44,2001-12-23,payed
343,306.53,2000-03-01,not payed
344,3159.96,2008-12-17,payed
345,670.84,2021-04-27,payed
346,1292.23,2000-08-10,not payed
347,738.83,2018-06-14,payed
348,1991.88,2002-08-20,not payed
349,495.48,2023-02-09,not payed
350,1228.8,2008-04-18,payed
351,691.32,2003-05-22,payed
352,1962.63,2008-01-25,payed
353,1277.8,2002-07-24,payed
354,2544.44,2006-04-17,not payed
355,1189.73,2009-03-28,payed
356,3172.32,2010-04-10,not payed
357,156.55,2020-06-29,payed
358,1406.03,2019-08-01,payed
359,169.78,2000-03-04,payed
360,506.48,2020-11-07,payed
361,3053.73,2019-03-13,not payed
362,1488.41,2023-07-21,not payed
363,2570.66,2012-11-22,payed
364,3313.01,2013-03-24,payed
365,3050.52,2009-08-08,not payed
366,2275.19,2013-03-25,payed
367,1049.95,2020-04-13,payed
368,2779.09,2019-03-24,payed
369,447.48,2022-04-08,not payed
370,1180.96,2008-12-17,payed
371,2537.83,2022-04-23,not payed
372,3012.34,2017-04-11,payed
373,1398.61,2008-10-25,payed
374,1700.63,2003-01-21,payed
375,342.06,2004-05-25,not payed
376,1297.51,2016-01-04,not payed
377,3394.71,2007-08-21,not payed
378,425.67,2013-08-14,not payed
379,2797.98,2015-03-20,payed
380,967.29,2005-12-23,not payed
381,1146.27,2007-04-07,not payed
382,169.15,2017-06-16,not payed
383,1664.59,2012-10-14,not payed
384,2397.94,2004-04-08,not payed
385,811.29,2010-11-21,not payed
386,2369.19,2006-11-02,not payed
387,349.7,2012-03-24,payed
388,293.78,2015-01-03,not payed
389,1256.77,2015-01-22,payed
390,3380.14,2020-02-11,payed
391,2072.84,2001-07-29,payed
392,878.65,2014-10-09,payed
393,1066.45,2022-01-08,not payed
394,3226.67,2009-03-24,not payed
395,2796.35,2000-09-05,payed
396,1087.1,2019-12-27,payed
397,3241.43,2019-11-10,payed
398,1397.28,2017-10-02,not payed
399,2100.21,2000-12-01,payed
400,816.89,2021-10-07,not payed
401,2051.23,2020-08-15,payed
402,2036.59,2005-07-07,payed
403,2076.51,2007-01-28,payed
404,1374.08,2017-12-06,payed
405,897.96,2016-05-22,not payed
406,660.44,2010-10-01,not payed
407,2607.43,2001-04-11,payed
408,2059.21,2007-11-17,payed
409,985.55,2001-04-25,not payed
410,2120.18,2005-11-27,payed
411,300.52,2008-09-05,payed
412,3300.32,2004-02-16,not payed
413,1801.64,2003-10-25,not payed
414,1226.25,2022-12-24,payed
415,1042.43,2009-03-18,payed
416,3248.11,2000-08-13,not payed
417,2296.63,2017-05-19,payed
418,2070.64,2021-04-03,not payed
419,159.37,2014-08-13,payed
420,1346.43,2007-08-06,not payed
421,1107.12,2005-01-23,not payed
422,2407.59,2018-09-28,not payed
423,2498.2,2017-05-16,not payed
424,2788.58,2014-05-02,payed
425,3396.81,2006-10-13,payed
426,645.2,2014-04-22,payed
427,2873.55,2017-11-28,not payed
428,1004.27,2012-02-20,not payed
429,3241.76,2014-07-22,payed
430,2644.14,2008-02-24,payed
431,762.35,2020-01-05,not payed
432,411.47,2020-01-07,payed
433,3079.55,2000-06-24,payed
434,2180.65,2016-11-13,payed
435,2902.76,2002-02-05,payed
436,1437.17,2007-12-20,not payed
437,2229.33,2000-09-02,not payed
438,971.58,2018-01-10,payed
439,3189.51,2007-12-12,not payed
440,300.35,2020-08-22,payed
441,1450.83,2010-03-01,payed
442,3336.04,2014-09-23,not payed
443,3112.79,2015-07-01,payed
444,1012.27,2000-03-11,payed
445,1801.66,2014-04-24,not payed
446,922.67,2004-04-09,payed
447,2182.22,2013-10-19,payed
448,2809.77,2023-05-09,not payed
449,539.58,2000-08-10,not payed
450,2149.17,2003-06-17,not payed
451,3142.84,2010-08-31,not payed
452,1363.34,2021-03-16,payed
453,2971.45,2018-03-02,payed
454,1240.04,2022-03-12,payed
455,1395.17,2013-11-20,not payed
456,646.82,2008-11-26,not payed
457,1553.06,2005-09-15,not payed
458,1682.03,2014-04-30,not payed
459,1045.27,2018-03-02,not payed
460,226.72,2021-01-21,not payed
461,1419.02,2007-10-11,payed
462,223.42,2022-03-07,not payed
463,2885.05,2011-04-19,payed
464,290.18,2016-01-17,not payed
465,863.17,2019-04-06,payed
466,738.42,2017-01-19,not payed
467,2766.93,2016-05-31,not payed
468,380.05,2017-05-10,not payed
469,2662.61,2009-02-23,not payed
470,873.25,2013-01-14,payed
471,2281.64,2005-07-05,not payed
472,898.47,2011-02-22,payed
473,692.4,2020-03-06,payed
474,3311.11,2005-10-05,not payed
475,2441.32,2020-06-17,payed
476,1482.86,2007-10-10,not payed
477,1289.89,2023-12-23,payed
478,1376.56,2019-01-02,payed
479,3230.94,2002-03-31,not payed
480,1847.17,2017-06-18,not payed
481,2742.91,2021-11-12,payed
482,2745.84,2006-05-26,payed
483,2677.45,2017-05-24,payed
484,1165.56,2006-08-04,payed
485,1045.59,2001-12-18,payed
486,808.07,2011-09-29,not payed
487,2632.43,2000-06-01,not payed
488,3123.14,2011-11-28,payed
489,432.13,2015-12-18,payed
490,3371.61,2020-12-24,not payed
491,1981.79,2013-09-10,payed
492,368.89,2019-09-16,payed
493,2058.67,2015-07-06,not payed
494,1175.47,2012-05-29,payed
495,380.41,2022-10-23,not payed
496,2218.39,2016-02-09,payed
497,3199.62,2002-06-27,payed
498,1551.7,2011-09-07,payed
499,1592.09,2012-06-01,payed
500,1027.35,2012-10-27,payed
501,2713.24,2022-03-12,payed
502,1002.78,2005-04-25,not payed
503,2378.0,2009-02-02,payed
504,3166.14,2006-01-15,not payed
505,3243.3,2011-11-01,payed
506,3301.28,2003-05-02,not payed
507,1450.52,2014-10-09,payed
508,678.5,2020-08-08,payed
509,1642.02,2011-10-24,not payed
510,2209.27,2014-05-04,not payed
511,1436.01,2001-10-04,not payed
512,1196.45,2021-08-04,payed
513,539.44,2007-01-29,payed
514,797.65,2009-09-09,not payed
515,1355.59,2021-12-25,payed
516,615.35,2018-11-27,not payed
517,806.25,2006-10-08,payed
518,1832.68,2001-11-19,not payed
519,503.8,2018-12-28,payed
520,3066.23,2011-10-07,not payed
521,2869.35,2008-06-09,payed
522,285.69,2004-07-12,not payed
523,3335.45,2006-10-02,payed
524,2857.55,2010-01-08,not payed
525,2507.33,2015-08-30,not payed
526,1974.21,2018-01-08,not payed
527,648.81,2000-04-15,payed
528,2698.9,2009-11-02,payed
529,1531.8,2010-07-19,payed
530,2875.82,2012-11-24,not payed
531,708.42,2019-04-12,not payed
532,1479.21,2014-11-26,payed
533,1438.82,2017-03-04,not payed
534,1202.82,2007-08-24,payed
535,496.63,2021-01-26,payed
536,1681.49,2016-02-25,not payed
537,219.53,2018-04-29,not payed
538,2131.79,2001-11-03,payed
539,1526.05,2022-07-17,not payed
540,1854.6,2001-11-08,not payed
541,3159.79,2009-12-31,payed
542,2325.64,2015-03-25,not payed
543,1216.61,2021-01-19,not payed
544,719.05,2002-10-31,payed
545,758.8,2018-04-08,payed
546,1702.71,2003-09-28,not payed
547,3289.98,2006-11-17,not payed
548,644.14,2013-09-14,not payed
549,2671.12,2009-05-24,not payed
550,1664.27,2020-03-10,not payed
551,3240.39,2000-05-10,payed
552,2343.26,2011-12-20,not payed
553,470.9,2005-03-27,not payed
554,283.57,2004-03-25,not payed
555,1197.34,2000-07-12,payed
556,2287.52,2004-12-02,payed
557,3219.57,2012-10-08,not payed
558,478.88,2019-12-08,not payed
559,2588.9,2006-04-12,not payed
560,2535.23,2005-01-08,not payed
561,3382.65,2006-12-20,payed
562,2663.67,2017-05-19,payed
563,2498.28,2000-11-13,not payed
564,1535.46,2000-02-01,payed
565,2972.89,2001-08-01,not payed
566,3336.25,2008-07-09,payed
567,2807.09,2001-06-05,payed
568,2274.58,2015-02-06,payed
569,1863.44,2016-04-26,not payed
570,3081.6,2022-04-11,payed
571,1442.39,2016-07-28,payed
572,1203.67,2006-01-02,payed
573,884.45,2011-03-31,not payed
574,223.69,2001-06-25,payed
575,1818.23,2002-04-15,not payed
576,2988.48,2011-01-22,not payed
577,263.48,2000-04-07,payed
578,1528.6,2005-02-22,not payed
579,1552.76,2003-10-11,payed
580,849.07,2012-04-17,payed
581,2098.31,2004-03-13,not payed
582,2478.16,2010-03-11,payed
583,2263.37,2005-01-11,payed
584,2119.16,2006-11-06,payed
585,1226.16,2000-09-19,not payed
586,1444.02,2022-05-28,not payed
587,416.32,2010-03-16,not payed
588,1420.19,2005-06-29,not payed
589,826.67,2008-11-24,payed
590,2053.81,2004-05-29,payed
591,1264.37,2001-03-01,payed
592,1713.45,2016-02-14,not payed
593,3291.83,2001-08-22,payed
594,3132.0,2018-01-08,payed
595,3367.5,2019-05-16,not payed
596,1305.72,2008-02-11,payed
597,693.89,2014-08-17,not payed
598,2682.43,2021-12-28,payed
599,1530.89,2005-01-27,payed
600,1837.24,2011-03-17,payed
601,300.11,2023-05-29,payed
602,1480.07,2003-07-28,not payed
603,3039.76,2013-01-11,not payed
604,1558.31,2017-11-29,payed
605,405.88,2013-12-11,payed
606,1034.32,2017-08-31,payed
607,2362.93,2020-08-16,not payed
608,2762.77,2003-02-24,payed
609,2674.89,2006-12-28,not payed
610,695.89,2008-08-26,payed
611,634.62,2013-10-05,payed
612,347.82,2012-05-27,payed
613,150.46,2001-08-03,not payed
614,2412.81,2019-01-30,not payed
615,1811.46,2023-06-26,payed
616,1506.89,2009-06-29,not payed
617,1206.09,2015-12-28,payed
618,1637.34,2016-02-29,not payed
619,1598.42,2001-10-30,not payed
620,2882.66,2013-10-05,payed
621,583.85,2015-08-22,not payed
622,3387.23,2011-04-08,payed
623,3095.37,2014-12-26,not payed
624,2041.25,2000-09-17,not payed
625,834.98,2000-09-12,not payed
626,592.26,2005-12-13,payed
627,997.84,2022-02-15,payed
628,2426.41,2011-06-16,payed
629,2331.54,2010-04-07,not payed
630,446.1,2013-04-19,not payed
631,698.82,2017-02-21,not payed
632,952.2,2006-04-12,payed
633,1354.52,2006-03-27,not payed
634,1123.69,2012-06-07,payed
635,2370.93,2016-04-22,not payed
636,2115.76,2022-05-05,not payed
637,1470.79,2017-03-02,not payed
638,1678.56,2014-07-10,payed
639,712.6,2004-08-05,payed
640,1534.82,2011-11-11,payed
641,175.77,2017-08-31,not payed
642,1805.35,2004-09-07,not payed
643,1486.5,2018-12-22,payed
644,1231.29,2015-07-05,not payed
645,2735.29,2000-10-02,not payed
646,1816.21,2018-10-26,not payed
647,1783.97,2003-08-04,payed
648,2305.8,2014-09-16,payed
649,1005.31,2012-07-30,not payed
650,1126.63,2001-05-18,not payed
651,1085.68,2012-07-26,payed
652,2983.3,2017-08-26,not payed
653,426.65,2007-10-20,payed
654,1704.22,2016-07-09,not payed
655,2553.98,2013-07-16,not payed
656,1967.78,2003-05-18,payed
657,762.5,2012-02-08,payed
658,967.98,2005-02-25,payed
659,1311.8,2008-08-25,payed
660,2005.25,2003-09-04,not payed
661,726.44,2007-04-26,payed
662,762.37,2015-02-18,payed
663,983.86,2011-09-16,payed
664,970.74,2014-08-22,payed
665,860.76,2011-02-22,payed
666,3396.05,2008-05-16,not payed
667,283.4,2015-09-16,payed
668,2998.81,2002-05-26,payed
669,1094.33,2020-11-15,not payed
670,2542.21,2000-03-28,not payed
671,2767.95,2021-02-05,not payed
672,2616.68,2019-12-31,not payed
673,880.96,2007-04-05,payed
674,1344.28,2022-07-30,payed
675,2002.79,2013-01-28,not payed
676,156.56,2006-01-21,payed
677,931.57,2002-07-03,not payed
678,459.06,2008-05-29,payed
679,2816.64,2001-06-23,payed
680,2285.92,2003-06-30,payed
681,1665.17,2017-06-19,not payed
682,1866.08,2002-08-04,not payed
683,1058.49,2017-10-08,payed
684,2252.77,2009-03-14,payed
685,1451.4,2015-06-18,not payed
686,2859.64,2009-01-26,not payed
687,2585.76,2002-04-12,not payed
688,1881.79,2004-08-11,not payed
689,1478.44,2020-01-16,not payed
690,3160.23,2010-03-02,not payed
691,941.42,2016-07-13,not payed
692,1073.78,2005-10-19,payed
693,365.59,2023-09-22,payed
694,2905.44,2017-12-21,not payed
695,1041.32,2009-08-27,not payed
696,1882.19,2023-08-25,payed
697,412.36,2019-08-29,not payed
698,1144.51,2014-04-15,not payed
699,2088.16,2013-12-20,not payed
700,695.93,2001-05-30,payed
701,531.15,2018-06-26,payed
702,2264.49,2012-11-05,not payed
703,1249.75,2018-02-01,not payed
704,973.47,2014-10-20,payed
705,2178.29,2022-12-19,not payed
706,2528.56,2021-05-21,not payed
707,2611.27,2008-09-13,not payed
708,1906.26,2019-08-05,not payed
709,2070.33,2003-03-16,payed
710,2589.8,2018-02-18,payed
711,1464.1,2016-08-20,not payed
712,365.42,2013-10-12,not payed
713,1450.84,2021-04-13,not payed
714,1147.84,2011-01-17,not payed
715,1095.28,2012-11-13,payed
716,828.24,2009-07-30,not payed
717,1008.65,2003-06-01,not payed
718,2705.91,2003-03-25,payed
719,2664.36,2003-04-30,payed
720,2625.47,2007-07-16,payed
721,2677.57,2004-10-14,not payed
722,324.68,2011-12-17,payed
723,218.04,2001-10-22,payed
724,2207.25,2008-08-12,payed
725,973.4,2007-08-26,payed
726,193.8,2015-01-24,payed
727,1356.57,2012-05-24,payed
728,178.68,2017-01-26,payed
729,2219.05,2005-09-11,not payed
730,3287.93,2018-05-15,not payed
731,673.51,2022-09-12,payed
732,560.95,2022-09-16,not payed
733,1394.1,2010-03-27,not payed
734,220.16,2002-01-10,not payed
735,1845.57,2015-03-07,not payed
736,1156.28,2002-09-26,payed
737,2432.92,2017-07-01,payed
738,2671.27,2000-07-12,not payed
739,1574.36,2016-07-23,not payed
740,707.67,2021-12-06,not payed
741,2896.44,2014-11-17,not payed
742,1347.24,2008-04-22,payed
743,2842.38,2008-04-26,not payed
744,759.94,2007-07-07,payed
745,3375.23,2023-05-16,not payed
746,1057.57,2020-08-02,not payed
747,3024.69,2007-12-18,not payed
748,1531.61,2013-05-28,not payed
749,1315.56,2015-06-03,payed
750,2748.0,2001-06-17,payed
751,1731.48,2017-08-13,payed
752,3264.22,2012-10-22,not payed
753,858.45,2018-11-12,payed
754,1390.2,2012-06-18,payed
755,1260.3,2014-09-14,payed
756,2844.99,2002-07-27,payed
757,2797.99,2016-06-21,not payed
758,582.29,2011-10-19,payed
759,2002.12,2003-09-27,payed
760,1841.59,2010-05-16,payed
761,2067.75,2018-07-04,payed
762,1168.19,2002-10-23,not payed
763,1520.1,2005-01-19,payed
764,1977.5,2003-07-15,payed
765,404.44,2010-07-08,not payed
766,2988.97,2016-10-06,not payed
767,2932.26,2021-11-23,payed
768,592.23,2019-02-10,not payed
769,768.32,2010-11-20,not payed
770,2502.15,2015-12-04,not payed
771,1124.47,2008-08-13,payed
772,683.95,2017-03-23,not payed
773,3348.65,2014-11-28,payed
774,886.64,2008-07-23,payed
775,302.14,2017-12-19,payed
776,2892.36,2023-05-16,payed
777,3250.1,2007-02-04,not payed
778,1803.27,2023-06-29,not payed
779,2322.52,2004-12-14,not payed
780,378.86,2003-03-19,not payed
781,647.93,2015-08-27,payed
782,455.74,2008-12-24,payed
783,3125.37,2018-05-10,payed
784,2344.82,2012-10-12,not payed
785,1821.32,2011-08-26,payed
786,291.02,2001-08-11,not payed
787,1612.66,2017-03-22,payed
788,3006.45,2014-08-28,payed
789,2365.23,2023-06-09,payed
790,1407.35,2011-03-19,payed
791,2979.79,2021-12-27,payed
792,2292.93,2005-08-15,not payed
793,1841.85,2021-12-19,payed
794,190.12,2023-10-15,payed
795,1640.96,2021-11-12,not payed
796,241.7,2016-01-07,not payed
797,3317.21,2008-10-02,payed
798,561.34,2011-11-30,payed
799,3395.15,2014-05-10,payed
800,665.7,2012-04-21,not payed
801,1007.5,2012-07-10,payed
802,1723.94,2005-12-01,payed
803,2973.94,2015-07-28,not payed
804,2428.18,2001-04-24,not payed
805,1724.67,2005-06-28,payed
806,759.54,2015-06-16,payed
807,1210.34,2017-10-25,not payed
808,2175.45,2002-04-11,payed
809,2719.63,2017-09-19,not payed
810,599.53,2012-06-22,not payed
811,2126.34,2018-01-18,payed
812,841.74,2001-09-27,payed
813,3275.65,2006-08-26,not payed
814,1570.92,2000-07-31,not payed
815,859.69,2005-05-05,not payed
816,2719.15,2000-09-04,payed
817,2398.93,2010-06-22,not payed
818,321.18,2016-12-06,payed
819,973.07,2003-12-27,payed
820,1289.1,2007-01-05,payed
821,1172.13,2004-12-31,not payed
822,651.04,2017-09-14,payed
823,773.34,2007-12-30,payed
824,1991.12,2006-11-19,payed
825,3006.93,2000-06-02,payed
826,2591.42,2012-08-15,payed
827,3246.62,2019-06-22,payed
828,3109.02,2003-09-23,payed
829,878.06,2010-01-12,payed
830,1272.61,2007-10-10,payed
831,1179.2,2016-10-07,not payed
832,2620.39,2005-10-03,payed
833,1538.27,2008-09-11,payed
834,1705.27,2015-04-02,payed
835,2811.63,2016-01-03,not payed
836,2915.16,2009-10-25,payed
837,315.58,2005-01-29,payed
838,604.64,2006-04-27,payed
839,2828.36,2001-08-19,not payed
840,3330.74,2013-11-29,payed
841,2593.1,2021-10-11,not payed
842,2214.79,2016-02-22,not payed
843,774.13,2014-03-12,not payed
844,2044.72,2002-09-14,payed
845,3015.08,2016-07-12,not payed
846,214.36,2006-06-22,not payed
847,2639.39,2008-12-15,payed
848,2353.4,2000-06-11,not payed
849,2459.74,2008-02-28,not payed
850,1346.86,2009-02-24,not payed
851,1871.17,2002-09-21,payed
852,1546.97,2021-07-07,payed
853,1874.95,2011-05-13,not payed
854,2469.54,2010-03-25,payed
855,837.54,2016-09-20,not payed
856,1182.98,2014-09-27,not payed
857,1773.09,2010-06-13,payed
858,1490.83,2011-11-14,not payed
859,3025.67,2013-10-30,payed
860,1867.53,2019-09-30,not payed
861,2422.1,2017-05-04,not payed
862,2477.12,2012-09-03,payed
863,3364.33,2000-04-28,payed
864,2574.42,2021-03-02,not payed
865,510.66,2007-03-14,not payed
866,3156.28,2001-08-29,not payed
867,3272.82,2012-05-29,payed
868,2524.91,2010-05-23,not payed
869,616.46,2017-04-15,payed
870,1893.5,2019-02-10,not payed
871,992.59,2009-12-28,not payed
872,1032.71,2017-09-22,payed
873,2200.08,2003-02-05,not payed
874,2765.35,2010-05-26,not payed
875,3156.95,2022-01-01,payed
876,2120.37,2012-06-18,not payed
877,799.11,2001-04-21,payed
878,1991.49,2007-10-08,payed
879,1309.3,2002-12-18,payed
880,202.24,2009-12-21,payed
881,2276.62,2003-08-30,not payed
882,631.85,2016-10-11,payed
883,1112.96,2021-04-01,payed
884,1149.67,2016-08-31,payed
885,1176.92,2010-09-03,payed
886,1523.54,2015-12-31,payed
887,1551.01,2022-02-06,not payed
888,2972.64,2014-08-29,not payed
889,1835.67,2020-07-14,payed
890,3079.56,2016-08-03,payed
891,1960.91,2000-08-14,not payed
892,2192.88,2010-08-25,not payed
893,1457.73,2022-08-06,not payed
894,3298.99,2006-07-29,payed
895,455.51,2017-12-25,not payed
896,400.93,2013-08-08,not payed
897,317.24,2010-02-17,payed
898,1910.01,2011-02-21,payed
899,2455.52,2011-12-13,not payed
900,2445.69,2018-08-10,not payed
901,440.55,2014-10-02,not payed
902,1034.4,2011-03-28,payed
903,3039.15,2010-09-08,not payed
904,1469.91,2008-06-26,not payed
905,220.26,2018-10-21,payed
906,341.82,2020-08-26,not payed
907,3282.71,2016-07-22,payed
908,1988.07,2016-11-20,payed
909,2170.8,2020-11-13,not payed
910,1497.38,2007-12-09,payed
911,1843.18,2021-04-12,payed
912,942.69,2013-02-03,payed
913,1757.6,2018-07-03,payed
914,3028.83,2020-08-19,not payed
915,607.77,2008-06-26,payed
916,1218.22,2020-12-20,not payed
917,712.72,2011-10-18,payed
918,1500.05,2012-02-13,payed
919,1975.14,2022-07-10,not payed
920,1515.25,2021-12-15,not payed
921,1798.01,2017-08-11,not payed
922,1894.35,2023-05-09,not payed
923,2663.73,2007-07-29,not payed
924,986.96,2010-10-20,payed
925,638.13,2013-07-30,not payed
926,2034.26,2018-01-27,not payed
927,283.86,2003-12-05,payed
928,2845.87,2004-11-16,not payed
929,3242.5,2017-02-10,not payed
930,1169.52,2015-04-01,not payed
931,2883.74,2015-06-06,not payed
932,1613.47,2006-11-10,not payed
933,2924.22,2020-05-12,not payed
934,1514.84,2022-11-04,payed
935,2557.21,2006-10-23,not payed
936,1157.18,2010-10-12,payed
937,2097.72,2013-02-07,not payed
938,3119.08,2011-05-04,payed
939,2117.5,2008-11-20,payed
940,199.76,2010-11-29,payed
941,2435.57,2012-07-01,not payed
942,1186.4,2003-10-06,payed
943,3201.17,2015-02-14,not payed
944,2360.7,2004-10-09,payed
945,969.8,2003-10-05,not payed
946,1715.22,2014-07-17,payed
947,1967.45,2012-09-20,payed
948,1254.24,2018-07-15,not payed
949,2453.58,2018-03-21,payed
950,980.09,2016-01-11,not payed
951,778.37,2006-01-10,not payed
952,1438.92,2016-08-02,payed
953,883.89,2017-08-10,payed
954,3103.12,2006-02-11,payed
955,2479.57,2014-02-07,payed
956,1662.92,2011-10-31,payed
957,3216.24,2020-01-23,payed
958,394.06,2000-01-11,payed
959,1039.59,2006-05-20,not payed
960,1540.51,2011-02-19,payed
961,3146.3,2001-06-28,not payed
962,1047.7,2008-04-11,not payed
963,1846.57,2020-10-21,payed
964,2417.09,2007-01-06,not payed
965,3179.8,2015-03-30,payed
966,955.93,2008-11-24,not payed
967,959.3,2010-07-15,payed
968,2838.51,2020-05-08,payed
969,1314.62,2004-01-13,payed
970,604.35,2007-10-18,not payed
971,469.92,2022-07-17,not payed
972,846.54,2020-05-20,not payed
973,914.19,2004-07-03,not payed
974,728.26,2004-08-27,payed
975,3021.41,2007-12-22,payed
976,713.38,2002-03-01,payed
977,1989.22,2018-09-30,not payed
978,2091.66,2017-03-01,payed
979,733.55,2013-04-11,not payed
980,427.93,2003-06-04,not payed
981,1856.69,2000-12-23,payed
982,1408.16,2017-02-04,payed
983,1208.12,2009-01-11,not payed
984,589.6,2011-07-27,payed
985,571.57,2011-04-09,not payed
986,1041.61,2018-10-06,not payed
987,1976.83,2021-05-14,not payed
988,1733.75,2019-06-18,not payed
989,2559.14,2006-08-10,not payed
990,2528.58,2015-08-19,payed
991,2736.49,2003-04-02,payed
992,1608.74,2016-08-20,not payed
993,553.78,2003-04-24,payed
994,2515.52,2003-10-21,payed
995,1597.58,2008-08-16,payed
996,3289.98,2014-07-04,not payed
997,2161.63,2004-10-30,not payed
998,2586.99,2000-03-06,payed
999,2075.09,2001-02-14,not payed
1000,610.04,2002-09-27,payed
1001,2523.99,2013-05-15,payed
1002,2428.84,2002-03-31,payed
1003,2949.83,2016-11-19,payed
1004,1558.91,2015-11-11,not payed
1005,1141.24,2001-08-15,payed
1006,515.64,2003-05-01,payed
1007,1214.49,2020-03-18,not payed
1008,297.88,2016-10-14,not payed
1009,1011.97,2023-07-14,payed
1010,1786.82,2017-08-29,not payed
1011,2315.05,2012-05-12,not payed
1012,1412.06,2017-05-27,payed
1013,3095.32,2020-04-16,not payed
1014,1422.7,2002-03-08,payed
1015,2060.14,2021-10-07,payed
1016,1291.69,2012-05-18,not payed
1017,483.41,2008-07-11,not payed
1018,2897.02,2015-02-20,payed
1019,523.66,2008-01-12,payed
1020,3239.89,2013-09-03,not payed
1021,1670.66,2007-01-20,payed
1022,1415.06,2017-04-14,payed
1023,2509.05,2014-09-23,payed
1024,1012.41,2014-09-04,payed
1025,218.6,2015-01-02,not payed
1026,791.05,2019-06-03,not payed
1027,1284.65,2007-08-08,not payed
1028,2834.6,2009-08-17,not payed
1029,1112.72,2001-04-15,payed
1030,1919.09,2020-10-15,not payed
1031,1527.35,2022-02-17,not payed
1032,3172.15,2002-07-16,payed
1033,2442.49,2005-01-02,payed
1034,702.02,2016-08-17,payed
1035,622.68,2004-10-01,not payed
1036,2156.34,2021-09-28,not payed
1037,589.81,2003-07-05,not payed
1038,2101.82,2009-11-18,payed
1039,2128.46,2020-02-05,payed
1040,358.78,2021-11-11,payed
1041,1179.35,2000-02-03,not payed
1042,1973.54,2015-11-26,payed
1043,1728.25,2021-02-25,payed
1044,2106.76,2015-12-15,payed
1045,1443.54,2015-07-29,not payed
1046,2776.26,2014-05-16,payed
1047,2124.08,2011-05-25,payed
1048,514.28,2016-04-22,not payed
1049,2314.76,2014-12-30,payed
1050,2994.29,2011-11-27,not payed
1051,3191.67,2016-01-04,not payed
1052,1598.7,2001-08-28,payed
1053,3043.77,2005-09-10,payed
1054,168.26,2017-03-09,not payed
1055,2408.46,2006-05-22,payed
1056,2185.09,2020-07-24,not payed
1057,2679.79,2017-10-11,not payed
1058,808.0,2023-10-31,not payed
1059,1633.61,2019-08-17,payed
1060,3155.36,2015-11-13,payed
1061,374.78,2022-03-20,not payed
1062,2849.94,2000-03-12,payed
1063,293.9,2001-03-20,payed
1064,161.93,2012-01-24,not payed
1065,1861.74,2002-07-26,payed
1066,3151.98,2005-08-18,not payed
1067,2558.94,2001-06-27,payed
1068,2790.06,2013-09-11,payed
1069,961.26,2019-09-14,not payed
1070,1363.6,2023-07-12,payed
1071,437.51,2004-03-14,not payed
1072,944.62,2000-12-17,not payed
1073,2650.79,2018-09-07,not payed
1074,2369.37,2021-09-05,payed
1075,3020.23,2006-09-04,not payed
1076,2360.21,2012-06-21,not payed
1077,231.43,2003-08-23,not payed
1078,2973.4,2012-04-20,not payed
1079,742.02,2012-07-01,payed
1080,2729.9,2020-02-18,payed
1081,1629.36,2021-12-02,not payed
1082,1379.38,2006-10-20,not payed
1083,2799.72,2002-04-22,not payed
1084,1264.62,2014-03-25,not payed
1085,2565.54,2006-08-29,not payed
1086,324.45,2012-11-16,not payed
1087,2028.18,2020-05-23,not payed
1088,543.13,2018-03-04,not payed
1089,1661.44,2004-12-19,payed
1090,1637.64,2011-06-19,not payed
1091,2638.18,2013-10-19,payed
1092,3314.37,2019-08-04,not payed
1093,1068.88,2000-05-18,payed
1094,584.88,2005-05-04,not payed
1095,1991.09,2015-10-17,payed
1096,2847.48,2017-07-31,not payed
1097,2521.78,2001-04-29,not payed
1098,2928.63,2001-01-13,payed
1099,1871.74,2009-07-08,payed
1100,1090.25,2007-05-25,payed
1101,2455.04,2016-06-02,payed
1102,1615.95,2018-04-15,payed
1103,1217.56,2007-09-24,payed
1104,3150.86,2003-08-02,payed
1105,3059.97,2017-06-18,payed
1106,1646.54,2010-06-13,payed
1107,589.63,2010-05-12,payed
1108,420.99,2009-10-21,not payed
1109,1855.72,2003-03-27,not payed
1110,2830.82,2013-01-01,payed
1111,1502.15,2017-04-04,payed
1112,2912.61,2012-10-12,payed
1113,1104.88,2006-03-13,payed
1114,1971.26,2001-08-25,payed
1115,1747.27,2000-08-26,payed
1116,559.14,2001-07-29,payed
1117,209.32,2021-06-25,not payed
1118,2673.01,2012-04-07,payed
1119,2786.48,2016-04-11,not payed
1120,2084.54,2013-07-31,not payed
1121,2010.69,2002-12-07,payed
1122,1600.92,2017-02-24,payed
1123,1489.0,2012-03-26,payed
1124,3194.43,2007-04-17,payed
1125,2034.91,2023-08-30,payed
1126,2217.67,2007-02-19,not payed
1127,247.54,2017-08-25,not payed
1128,2726.83,2021-01-23,not payed
1129,292.94,2023-03-22,not payed
1130,2290.06,2024-01-03,payed
1131,1733.4,2011-11-02,not payed
1132,1183.83,2014-08-05,not payed
1133,1811.04,2011-04-30,payed
1134,1747.68,2005-11-05,not payed
1135,229.5,2022-03-29,payed
1136,1976.18,2005-07-18,not payed
1137,3140.89,2017-10-09,payed
1138,394.62,2014-04-08,not payed
1139,3228.97,2018-04-30,not payed
1140,3234.41,2000-12-01,not payed
1141,3250.9,2015-08-19,payed
1142,1258.29,2016-07-07,not payed
1143,731.02,2011-05-08,not payed
1144,1048.3,2017-08-04,payed
1145,1952.59,2008-09-13,not payed
1146,580.57,2020-05-07,payed
1147,3264.29,2019-04-21,payed
1148,422.8,2020-12-06,payed
1149,2695.49,2017-11-10,payed
1150,2788.6,2008-12-03,payed
1151,2456.98,2007-09-15,not payed
1152,2889.77,2021-08-27,payed
1153,2406.79,2011-07-17,not payed
1154,1846.74,2007-11-23,not payed
1155,416.77,2022-07-24,payed
1156,1523.02,2017-06-10,not payed
1157,1140.63,2014-02-07,payed
1158,2568.89,2016-02-17,payed
1159,3289.14,2022-04-24,not payed
1160,1879.44,2014-11-15,not payed
1161,2739.1,2019-11-02,not payed
1162,3214.12,2013-11-12,not payed
1163,1124.18,2010-09-01,payed
1164,1476.71,2005-11-19,not payed
1165,3032.01,2008-03-16,not payed
1166,1449.77,2020-03-30,payed
1167,2432.0,2019-09-04,payed
1168,2154.99,2011-10-27,not payed
1169,1960.72,2012-06-26,not payed
1170,2593.73,2005-12-27,payed
1171,1504.08,2021-01-19,not payed
1172,2404.11,2017-12-27,not payed
1173,3153.12,2023-07-22,not payed
1174,2316.08,2001-01-16,not payed
1175,838.1,2003-12-08,payed
1176,1129.08,2010-09-16,payed
1177,1233.02,2016-12-07,payed
1178,698.86,2023-04-04,not payed
1179,469.6,2011-09-16,not payed
1180,3311.95,2000-12-01,not payed
1181,1346.22,2008-12-14,payed
1182,3226.17,2019-09-15,not payed
1183,801.02,2005-11-12,not payed
1184,339.0,2023-07-10,not payed
1185,2154.04,2022-05-19,not payed
1186,3147.69,2002-12-30,not payed
1187,225.53,2008-03-03,not payed
1188,3073.64,2002-07-21,payed
1189,1157.53,2014-01-13,payed
1190,3196.34,2014-07-19,payed
1191,2294.08,2013-07-23,payed
1192,3291.71,2007-01-25,payed
1193,1575.62,2012-11-01,payed
1194,1518.52,2019-03-13,not payed
1195,983.49,2021-10-18,payed
1196,3158.28,2010-07-05,payed
1197,681.86,2001-12-25,not payed
1198,2690.2,2019-05-12,payed
1199,3376.39,2009-07-23,not payed
1200,356.07,2004-09-27,payed
1201,315.84,2012-02-12,payed
1202,1168.84,2022-10-12,not payed
1203,393.13,2016-09-21,payed
1204,626.25,2023-09-20,not payed
1205,3042.17,2022-03-31,payed
1206,2761.97,2003-10-25,not payed
1207,1002.72,2015-11-28,not payed
1208,1387.59,2022-07-22,not payed
1209,205.25,2009-12-16,not payed
1210,3087.71,2015-12-04,payed
1211,2878.39,2008-04-23,payed
1212,3223.28,2010-01-31,not payed
1213,840.65,2022-06-08,payed
1214,2330.17,2018-10-25,payed
1215,1615.24,2023-11-21,not payed
1216,1652.51,2008-02-08,payed
1217,2428.16,2013-04-29,payed
1218,1126.72,2016-07-03,not payed
1219,3066.56,2012-02-08,payed
1220,2720.73,2017-06-30,not payed
1221,632.45,2006-04-01,payed
1222,396.44,2009-08-03,not payed
1223,2832.37,2016-08-07,not payed
1224,2717.78,2005-11-06,payed
1225,711.5,2006-11-30,not payed
1226,376.09,2005-03-21,payed
1227,2249.5,2020-03-26,payed
1228,161.31,2011-11-24,payed
1229,587.55,2020-06-29,payed
1230,2648.18,2004-04-12,not payed
1231,309.65,2008-07-31,not payed
1232,2241.21,2014-08-28,not payed
1233,567.42,2010-03-28,not payed
1234,2971.75,2017-06-30,payed
1235,779.12,2018-07-20,payed
1236,2375.45,2009-09-03,not payed
1237,1256.43,2021-12-31,payed
1238,2773.15,2003-04-08,not payed
1239,1322.83,2009-07-12,payed
1240,3280.02,2010-02-25,not payed
1241,2527.43,2017-11-21,not payed
1242,222.12,2021-12-03,payed
1243,1894.71,2020-08-15,not payed
1244,2051.31,2013-09-20,payed
1245,1481.98,2022-12-07,payed
1246,2479.28,2014-04-21,payed
1247,256.98,2006-04-27,payed
1248,2409.55,2021-03-15,payed
1249,3015.25,2005-07-08,not payed
1250,2915.73,2017-07-12,not payed
1251,2265.06,2009-08-24,not payed
1252,169.48,2020-07-10,not payed
1253,618.04,2019-04-15,payed
1254,1806.16,2005-05-16,not payed
1255,1238.52,2022-09-25,payed
1256,2739.76,2012-12-14,not payed
1257,2177.49,2020-11-16,not payed
1258,951.24,2008-06-11,not payed
1259,394.47,2012-06-18,payed
1260,1781.56,2023-09-28,payed
1261,2333.15,2003-01-13,not payed
1262,1884.43,2010-06-22,payed
1263,2322.07,2023-04-30,payed
1264,1629.86,2013-11-23,payed
1265,448.06,2019-03-20,not payed
1266,1472.27,2009-02-05,payed
1267,800.95,2020-02-17,not payed
1268,625.3,2000-05-22,payed
1269,2629.93,2000-09-02,payed
1270,2492.69,2002-10-31,payed
1271,687.49,2009-11-06,payed
1272,2655.63,2014-03-31,payed
1273,777.36,2017-05-01,not payed
1274,2415.58,2007-04-02,payed
1275,3234.36,2006-12-12,payed
1276,2549.68,2003-03-17,not payed
1277,2035.99,2011-01-16,not payed
1278,1336.79,2016-06-24,payed
1279,2435.16,2013-06-11,not payed
1280,1055.3,2022-11-09,payed
1281,3098.67,2001-04-19,payed
1282,1638.18,2018-04-04,not payed
1283,812.06,2004-10-15,payed
1284,2516.72,2022-05-20,payed
1285,1826.8,2016-04-26,payed
1286,2627.12,2000-05-15,not payed
1287,3153.03,2001-03-27,not payed
1288,3018.2,2023-11-07,not payed
1289,2911.25,2018-05-01,payed
1290,2758.55,2012-08-28,not payed
1291,533.08,2023-06-26,not payed
1292,1975.68,2014-07-23,not payed
1293,1552.49,2011-03-21,payed
1294,1781.02,2019-03-14,payed
1295,2829.31,2000-11-25,not payed
1296,197.07,2011-06-27,not payed
1297,3382.52,2019-05-11,not payed
1298,2487.0,2007-01-25,not payed
1299,901.41,2011-02-05,payed
1300,1467.82,2018-06-15,payed
1301,2009.99,2008-05-31,payed
1302,1568.41,2021-08-07,payed
1303,242.96,2008-07-09,not payed
1304,1833.93,2006-08-08,payed
1305,2902.38,2004-01-28,payed
1306,234.02,2002-04-30,payed
1307,1387.63,2022-07-30,payed
1308,1026.47,2004-03-04,payed
1309,679.25,2018-04-29,not payed
1310,2486.41,2018-01-09,not payed
1311,1702.81,2016-08-14,not payed
1312,1243.77,2000-12-05,not payed
1313,2735.62,2001-07-19,not payed
1314,1279.18,2012-04-27,payed
1315,2307.66,2017-08-05,payed
1316,2701.38,2003-10-23,not payed
1317,713.06,2006-06-06,not payed
1318,2627.67,2004-04-19,payed
1319,2521.24,2007-05-31,not payed
1320,1978.98,2016-11-08,not payed
1321,2416.89,2011-12-30,payed
1322,1083.69,2003-09-08,payed
1323,347.54,2017-07-19,not payed
1324,516.71,2004-05-22,not payed
1325,892.05,2018-05-23,not payed
1326,3001.15,2003-03-21,payed
1327,686.71,2008-11-25,payed
1328,3164.24,2006-05-27,payed
1329,807.07,2021-05-05,payed
1330,1383.91,2019-07-15,payed
1331,3142.45,2017-10-05,payed
1332,847.68,2017-09-23,payed
1333,1154.23,2019-08-22,payed
1334,281.47,2021-06-24,payed
1335,914.67,2006-05-17,not payed
1336,827.73,2008-05-04,payed
1337,1065.59,2007-11-02,payed
1338,2173.25,2003-09-14,not payed
1339,2682.56,2021-09-17,payed
1340,2844.71,2017-05-31,not payed
1341,3098.41,2007-08-11,payed
1342,2268.96,2005-12-03,not payed
1343,802.67,2001-02-25,payed
1344,1652.78,2017-11-28,not payed
1345,2724.11,2014-10-03,payed
1346,1588.33,2002-03-11,payed
1347,2419.83,2006-05-05,not payed
1348,339.22,2020-10-12,not payed
1349,1339.7,2004-11-25,payed
1350,1508.02,2018-06-12,payed
1351,1852.62,2022-01-24,payed
1352,3239.5,2000-12-13,not payed
1353,1101.2,2023-04-25,payed
1354,1059.63,2004-04-18,payed
1355,965.06,2015-07-13,payed
1356,2840.45,2007-04-28,payed
1357,2112.53,2012-09-04,not payed
1358,2385.7,2020-04-14,not payed
1359,1411.73,2022-06-29,not payed
1360,2504.53,2021-03-13,not payed
1361,688.39,2019-01-13,not payed
1362,2047.91,2001-01-20,not payed
1363,1138.79,2017-03-11,payed
1364,2609.06,2018-06-12,payed
1365,751.47,2017-09-09,not payed
1366,1056.76,2006-11-27,not payed
1367,2584.83,2004-09-24,payed
1368,3279.94,2015-06-17,not payed
1369,2148.51,2015-11-18,not payed
1370,3296.87,2003-04-02,not payed
1371,1156.06,2015-04-20,not payed
1372,2354.09,2007-07-16,not payed
1373,1037.29,2017-04-17,payed
1374,2096.42,2001-01-03,payed
1375,2171.0,2011-11-06,not payed
1376,3144.83,2008-08-12,payed
1377,3356.38,2010-10-06,payed
1378,1748.99,2007-04-04,not payed
1379,3114.33,2020-06-18,not payed
1380,764.48,2012-05-26,payed
1381,3321.16,2010-09-22,payed
1382,3137.63,2000-06-15,not payed
1383,1909.07,2004-01-10,payed
1384,176.41,2002-10-28,payed
1385,1108.93,2008-11-03,not payed
1386,1795.77,2017-08-08,payed
1387,569.48,2021-04-12,payed
1388,1566.72,2003-01-04,payed
1389,2437.61,2020-01-20,payed
1390,835.55,2016-12-22,payed
1391,845.02,2004-10-05,payed
1392,1455.93,2009-11-10,payed
1393,1278.62,2019-02-11,not payed
1394,2720.69,2012-05-05,payed
1395,716.22,2013-02-14,payed
1396,3281.91,2011-02-27,payed
1397,3021.2,2018-08-30,payed
1398,1771.5,2005-10-03,payed
1399,2941.5,2010-07-22,payed
1400,2259.73,2017-05-23,payed
1401,2525.64,2011-07-16,payed
1402,702.87,2008-12-06,not payed
1403,659.62,2004-11-27,payed
1404,659.64,2018-05-18,not payed
1405,1562.08,2002-02-20,payed
1406,2250.9,2023-09-04,payed
1407,2811.83,2020-01-02,payed
1408,2958.0,2008-01-28,payed
1409,2951.04,2017-12-25,not payed
1410,2154.45,2002-06-30,not payed
1411,888.25,2023-01-07,not payed
1412,3232.15,2016-10-09,payed
1413,1031.33,2015-09-10,payed
1414,3275.82,2004-02-03,payed
1415,2254.86,2003-08-21,payed
1416,1753.17,2003-04-15,not payed
1417,1867.26,2021-02-06,not payed
1418,1223.51,2010-04-05,payed
1419,2970.55,2018-03-04,payed
1420,1811.38,2003-08-05,payed
1421,322.25,2007-07-20,payed
1422,1973.48,2009-12-04,not payed
1423,3208.91,2006-02-22,payed
1424,1005.82,2010-09-20,not payed
1425,1660.64,2010-07-06,not payed
1426,3319.68,2018-03-31,not payed
1427,2953.64,2007-07-24,payed
1428,2064.86,2007-10-01,not payed
1429,1730.66,2021-04-01,not payed
1430,3291.82,2022-05-28,payed
1431,2716.03,2015-09-01,not payed
1432,2346.99,2001-04-12,payed
1433,2598.31,2001-11-12,not payed
1434,1338.08,2014-03-07,not payed
1435,3363.23,2012-11-27,not payed
1436,422.02,2007-09-12,payed
1437,2757.46,2023-04-10,not payed
1438,3028.04,2013-02-28,payed
1439,1667.34,2007-03-07,not payed
1440,933.74,2010-12-04,payed
1441,1533.09,2014-10-25,not payed
1442,699.22,2007-06-19,payed
1443,941.65,2022-08-21,not payed
1444,416.26,2015-01-16,payed
1445,770.21,2021-10-27,not payed
1446,1473.78,2019-05-20,not payed
1447,466.91,2019-02-07,not payed
1448,520.82,2008-08-21,payed
1449,2609.41,2004-12-17,payed
1450,2791.04,2022-04-19,payed
1451,1604.92,2001-02-08,payed
1452,2343.36,2005-12-05,payed
1453,505.36,2022-08-31,payed
1454,3128.45,2023-06-29,not payed
1455,1905.16,2018-08-21,not payed
1456,932.29,2022-05-24,not payed
1457,330.36,2011-11-16,not payed
1458,284.65,2001-02-20,payed
1459,1933.2,2014-05-27,payed
1460,2076.57,2008-10-03,not payed
1461,1727.95,2002-08-10,payed
1462,2208.0,2007-11-09,not payed
1463,1958.01,2014-06-21,not payed
1464,2394.63,2012-04-29,payed
1465,2817.56,2013-12-04,not payed
1466,1456.42,2001-07-19,payed
1467,332.84,2022-06-01,payed
1468,1345.98,2009-08-18,not payed
1469,1573.92,2008-06-24,payed
1470,3332.08,2018-03-21,not payed
1471,1357.71,2011-09-26,not payed
1472,293.99,2020-02-23,payed
1473,1105.31,2022-11-27,not payed
1474,249.93,2019-02-01,payed
1475,249.5,2023-07-15,not payed
1476,330.56,2023-12-03,not payed
1477,1321.19,2011-01-04,not payed
1478,3183.61,2005-07-21,not payed
1479,1684.34,2020-08-09,not payed
1480,916.05,2006-10-09,payed
1481,2679.47,2023-10-06,not payed
1482,2042.44,2019-10-30,payed
1483,530.14,2007-11-30,not payed
1484,1394.23,2008-06-26,payed
1485,3244.08,2001-09-23,payed
1486,3368.31,2011-01-03,payed
1487,320.33,2005-09-05,not payed
1488,1714.72,2000-11-18,not payed
1489,2325.34,2021-04-24,not payed
1490,382.72,2022-07-14,not payed
1491,2462.9,2013-11-01,payed
1492,2226.89,2013-07-26,payed
1493,2450.26,2020-10-21,payed
1494,610.45,2007-02-10,not payed
1495,2026.01,2020-03-05,payed
1496,288.76,2002-04-28,payed
1497,2116.45,2023-05-03,not payed
1498,1262.24,2019-04-19,not payed
1499,625.37,2018-08-21,payed
1500,605.15,2010-05-14,payed
